halpha_e,obs_site,time,reference,time_system,FWHM,bisector,instr,star,airmass,exp_time,sig_to_noise_ratio_in_order_55,barycentric_earth_rv,uncert,halpha,rv,wavelength_calib_technique,source
,Mauna Kea,2450838.893,"Butler et al. 2003 (ApJ, 582, 455)",JD,,,HIRES,HD 72659,,,,,4.1,,-24.6,Iodine,Wright
,Mauna Kea,2450861.915,"Butler et al. 2003 (ApJ, 582, 455)",JD,,,HIRES,HD 72659,,,,,4.1,,-42.2,Iodine,Wright
,Mauna Kea,2451171.026,"Butler et al. 2003 (ApJ, 582, 455)",JD,,,HIRES,HD 72659,,,,,4,,-34.6,Iodine,Wright
,Mauna Kea,2451226.938,"Butler et al. 2003 (ApJ, 582, 455)",JD,,,HIRES,HD 72659,,,,,4.2,,-40.3,Iodine,Wright
,Mauna Kea,2451551.989,"Butler et al. 2003 (ApJ, 582, 455)",JD,,,HIRES,HD 72659,,,,,4.6,,-24.8,Iodine,Wright
,Mauna Kea,2451553.007,"Butler et al. 2003 (ApJ, 582, 455)",JD,,,HIRES,HD 72659,,,,,3.7,,-24.8,Iodine,Wright
,Mauna Kea,2451580.932,"Butler et al. 2003 (ApJ, 582, 455)",JD,,,HIRES,HD 72659,,,,,3.9,,-18.8,Iodine,Wright
,Mauna Kea,2451883.116,"Butler et al. 2003 (ApJ, 582, 455)",JD,,,HIRES,HD 72659,,,,,3.8,,26.1,Iodine,Wright
,Mauna Kea,2451898.128,"Butler et al. 2003 (ApJ, 582, 455)",JD,,,HIRES,HD 72659,,,,,3.6,,16.2,Iodine,Wright
,Mauna Kea,2451971.996,"Butler et al. 2003 (ApJ, 582, 455)",JD,,,HIRES,HD 72659,,,,,4,,24.6,Iodine,Wright
,Mauna Kea,2452243.116,"Butler et al. 2003 (ApJ, 582, 455)",JD,,,HIRES,HD 72659,,,,,4.3,,45.1,Iodine,Wright
,Mauna Kea,2452362.963,"Butler et al. 2003 (ApJ, 582, 455)",JD,,,HIRES,HD 72659,,,,,5.1,,31.8,Iodine,Wright
,Mauna Kea,2450838.893,"Butler et al. 2003 (ApJ, 582, 455)",JD,,,HIRES,HD 72659,,,,,3.8,,-26.8,Iodine,Wright
,Mauna Kea,2450861.915,"Butler et al. 2003 (ApJ, 582, 455)",JD,,,HIRES,HD 72659,,,,,3.5,,-48.1,Iodine,Wright
,Mauna Kea,2451171.026,"Butler et al. 2003 (ApJ, 582, 455)",JD,,,HIRES,HD 72659,,,,,3.6,,-44.5,Iodine,Wright
,Mauna Kea,2451226.938,"Butler et al. 2003 (ApJ, 582, 455)",JD,,,HIRES,HD 72659,,,,,3.7,,-44.1,Iodine,Wright
,Mauna Kea,2451551.989,"Butler et al. 2003 (ApJ, 582, 455)",JD,,,HIRES,HD 72659,,,,,3.5,,-28.8,Iodine,Wright
,Mauna Kea,2451553.007,"Butler et al. 2003 (ApJ, 582, 455)",JD,,,HIRES,HD 72659,,,,,3.3,,-27.6,Iodine,Wright
,Mauna Kea,2451580.932,"Butler et al. 2003 (ApJ, 582, 455)",JD,,,HIRES,HD 72659,,,,,3.3,,-18.9,Iodine,Wright
,Mauna Kea,2451883.116,"Butler et al. 2003 (ApJ, 582, 455)",JD,,,HIRES,HD 72659,,,,,3,,17.5,Iodine,Wright
,Mauna Kea,2451898.127,"Butler et al. 2003 (ApJ, 582, 455)",JD,,,HIRES,HD 72659,,,,,3,,17.4,Iodine,Wright
,Mauna Kea,2451971.996,"Butler et al. 2003 (ApJ, 582, 455)",JD,,,HIRES,HD 72659,,,,,3,,19,Iodine,Wright
,Mauna Kea,2452243.116,"Butler et al. 2003 (ApJ, 582, 455)",JD,,,HIRES,HD 72659,,,,,3.4,,42.2,Iodine,Wright
,Mauna Kea,2452362.963,"Butler et al. 2003 (ApJ, 582, 455)",JD,,,HIRES,HD 72659,,,,,4.1,,37.2,Iodine,Wright
,Mauna Kea,2452576.125,"Butler et al. 2003 (ApJ, 582, 455)",JD,,,HIRES,HD 72659,,,,,3.6,,38.8,Iodine,Wright
,Mauna Kea,2452777.797,"Butler et al. 2003 (ApJ, 582, 455)",JD,,,HIRES,HD 72659,,,,,3.1,,34,Iodine,Wright
,Mauna Kea,2452804.748,"Butler et al. 2003 (ApJ, 582, 455)",JD,,,HIRES,HD 72659,,,,,3.8,,31.5,Iodine,Wright
,Mauna Kea,2452805.743,"Butler et al. 2003 (ApJ, 582, 455)",JD,,,HIRES,HD 72659,,,,,3.7,,36.4,Iodine,Wright
,Mauna Kea,2453017.899,"Butler et al. 2003 (ApJ, 582, 455)",JD,,,HIRES,HD 72659,,,,,3.3,,25.1,Iodine,Wright
,Mauna Kea,2453071.882,"Butler et al. 2003 (ApJ, 582, 455)",JD,,,HIRES,HD 72659,,,,,3,,21.2,Iodine,Wright
,Mauna Kea,2453153.756,"Butler et al. 2003 (ApJ, 582, 455)",JD,,,HIRES,HD 72659,,,,,3.6,,14.2,Iodine,Wright
,Mauna Kea,2453369.906,"Butler et al. 2003 (ApJ, 582, 455)",JD,,,HIRES,HD 72659,,,,,2.8,,16.5,Iodine,Wright
,Mauna Kea,2453426.879,"Butler et al. 2003 (ApJ, 582, 455)",JD,,,HIRES,HD 72659,,,,,3,,12.9,Iodine,Wright
,Mauna Kea,2453480.725,"Butler et al. 2003 (ApJ, 582, 455)",JD,,,HIRES,HD 72659,,,,,2.5,,4.2,Iodine,Wright
,Mauna Kea,2453483.765,"Butler et al. 2003 (ApJ, 582, 455)",JD,,,HIRES,HD 72659,,,,,3,,8,Iodine,Wright
,Mauna Kea,2453724.112,"Butler et al. 2003 (ApJ, 582, 455)",JD,,,HIRES,HD 72659,,,,,3.2,,-3.8,Iodine,Wright
,Mauna Kea,2453746.928,"Butler et al. 2003 (ApJ, 582, 455)",JD,,,HIRES,HD 72659,,,,,2.8,,-7.5,Iodine,Wright
,Mauna Kea,2453747.86,"Butler et al. 2003 (ApJ, 582, 455)",JD,,,HIRES,HD 72659,,,,,3.2,,-9,Iodine,Wright
,Mauna Kea,2453748.888,"Butler et al. 2003 (ApJ, 582, 455)",JD,,,HIRES,HD 72659,,,,,2.8,,-5.7,Iodine,Wright
,Mauna Kea,2453749.847,"Butler et al. 2003 (ApJ, 582, 455)",JD,,,HIRES,HD 72659,,,,,2.6,,-8.7,Iodine,Wright
,Mauna Kea,2453750.857,"Butler et al. 2003 (ApJ, 582, 455)",JD,,,HIRES,HD 72659,,,,,2.9,,-5.5,Iodine,Wright
,Mauna Kea,2453751.852,"Butler et al. 2003 (ApJ, 582, 455)",JD,,,HIRES,HD 72659,,,,,2.7,,-1.4,Iodine,Wright
,Mauna Kea,2453752.936,"Butler et al. 2003 (ApJ, 582, 455)",JD,,,HIRES,HD 72659,,,,,2.5,,-1.5,Iodine,Wright
,Mauna Kea,2453753.919,"Butler et al. 2003 (ApJ, 582, 455)",JD,,,HIRES,HD 72659,,,,,2.2,,-2.1,Iodine,Wright
,McDonald Observatory,2453342.981,"Wittenmyer et al. 2009 (ApJS, 182, 97)",JD,,,HRS,HD 72659,,,,,11.7,,8.4,Iodine,Wright
,McDonald Observatory,2453346.898,"Wittenmyer et al. 2009 (ApJS, 182, 97)",JD,,,HRS,HD 72659,,,,,10.5,,19.2,Iodine,Wright
,McDonald Observatory,2453348.898,"Wittenmyer et al. 2009 (ApJS, 182, 97)",JD,,,HRS,HD 72659,,,,,11.3,,17.7,Iodine,Wright
,McDonald Observatory,2453351.887,"Wittenmyer et al. 2009 (ApJS, 182, 97)",JD,,,HRS,HD 72659,,,,,9.6,,20.4,Iodine,Wright
,McDonald Observatory,2453355.855,"Wittenmyer et al. 2009 (ApJS, 182, 97)",JD,,,HRS,HD 72659,,,,,9.2,,21.5,Iodine,Wright
,McDonald Observatory,2453357.868,"Wittenmyer et al. 2009 (ApJS, 182, 97)",JD,,,HRS,HD 72659,,,,,9.7,,15.6,Iodine,Wright
,McDonald Observatory,2453359.863,"Wittenmyer et al. 2009 (ApJS, 182, 97)",JD,,,HRS,HD 72659,,,,,11.8,,12.3,Iodine,Wright
,McDonald Observatory,2453366.92,"Wittenmyer et al. 2009 (ApJS, 182, 97)",JD,,,HRS,HD 72659,,,,,12.2,,1.9,Iodine,Wright
,McDonald Observatory,2453370.825,"Wittenmyer et al. 2009 (ApJS, 182, 97)",JD,,,HRS,HD 72659,,,,,10.6,,3.3,Iodine,Wright
,McDonald Observatory,2453375.891,"Wittenmyer et al. 2009 (ApJS, 182, 97)",JD,,,HRS,HD 72659,,,,,13.6,,35.3,Iodine,Wright
,McDonald Observatory,2453377.894,"Wittenmyer et al. 2009 (ApJS, 182, 97)",JD,,,HRS,HD 72659,,,,,10.2,,11.8,Iodine,Wright
,McDonald Observatory,2453379.886,"Wittenmyer et al. 2009 (ApJS, 182, 97)",JD,,,HRS,HD 72659,,,,,10.7,,16.6,Iodine,Wright
,McDonald Observatory,2453383.886,"Wittenmyer et al. 2009 (ApJS, 182, 97)",JD,,,HRS,HD 72659,,,,,9.5,,10.5,Iodine,Wright
,McDonald Observatory,2453389.783,"Wittenmyer et al. 2009 (ApJS, 182, 97)",JD,,,HRS,HD 72659,,,,,12.8,,25.1,Iodine,Wright
,McDonald Observatory,2453391.781,"Wittenmyer et al. 2009 (ApJS, 182, 97)",JD,,,HRS,HD 72659,,,,,10.4,,21.5,Iodine,Wright
,McDonald Observatory,2453395.758,"Wittenmyer et al. 2009 (ApJS, 182, 97)",JD,,,HRS,HD 72659,,,,,10.9,,16.3,Iodine,Wright
,McDonald Observatory,2453399.837,"Wittenmyer et al. 2009 (ApJS, 182, 97)",JD,,,HRS,HD 72659,,,,,10.3,,10.1,Iodine,Wright
,McDonald Observatory,2453401.823,"Wittenmyer et al. 2009 (ApJS, 182, 97)",JD,,,HRS,HD 72659,,,,,9.3,,3.1,Iodine,Wright
,McDonald Observatory,2453408.72,"Wittenmyer et al. 2009 (ApJS, 182, 97)",JD,,,HRS,HD 72659,,,,,9.7,,21.5,Iodine,Wright
,McDonald Observatory,2453416.697,"Wittenmyer et al. 2009 (ApJS, 182, 97)",JD,,,HRS,HD 72659,,,,,9.5,,20.8,Iodine,Wright
,McDonald Observatory,2453422.699,"Wittenmyer et al. 2009 (ApJS, 182, 97)",JD,,,HRS,HD 72659,,,,,8.3,,3.1,Iodine,Wright
,McDonald Observatory,2453424.761,"Wittenmyer et al. 2009 (ApJS, 182, 97)",JD,,,HRS,HD 72659,,,,,9.4,,17.1,Iodine,Wright
,McDonald Observatory,2453429.754,"Wittenmyer et al. 2009 (ApJS, 182, 97)",JD,,,HRS,HD 72659,,,,,9.3,,19.1,Iodine,Wright
,McDonald Observatory,2453439.645,"Wittenmyer et al. 2009 (ApJS, 182, 97)",JD,,,HRS,HD 72659,,,,,8.7,,10.2,Iodine,Wright
,McDonald Observatory,2453446.693,"Wittenmyer et al. 2009 (ApJS, 182, 97)",JD,,,HRS,HD 72659,,,,,8.3,,20.1,Iodine,Wright
,McDonald Observatory,2453447.7,"Wittenmyer et al. 2009 (ApJS, 182, 97)",JD,,,HRS,HD 72659,,,,,8.3,,2.7,Iodine,Wright
,McDonald Observatory,2453448.708,"Wittenmyer et al. 2009 (ApJS, 182, 97)",JD,,,HRS,HD 72659,,,,,8,,4.4,Iodine,Wright
,McDonald Observatory,2453708.9,"Wittenmyer et al. 2009 (ApJS, 182, 97)",JD,,,HRS,HD 72659,,,,,9,,3.7,Iodine,Wright
,McDonald Observatory,2453710.893,"Wittenmyer et al. 2009 (ApJS, 182, 97)",JD,,,HRS,HD 72659,,,,,8.8,,-4.4,Iodine,Wright
,McDonald Observatory,2453713.966,"Wittenmyer et al. 2009 (ApJS, 182, 97)",JD,,,HRS,HD 72659,,,,,10,,2.2,Iodine,Wright
,McDonald Observatory,2453723.864,"Wittenmyer et al. 2009 (ApJS, 182, 97)",JD,,,HRS,HD 72659,,,,,8.8,,2.1,Iodine,Wright
,McDonald Observatory,2453728.928,"Wittenmyer et al. 2009 (ApJS, 182, 97)",JD,,,HRS,HD 72659,,,,,9.2,,-15.9,Iodine,Wright
,McDonald Observatory,2453734.9,"Wittenmyer et al. 2009 (ApJS, 182, 97)",JD,,,HRS,HD 72659,,,,,11.2,,-15.7,Iodine,Wright
,McDonald Observatory,2453742.803,"Wittenmyer et al. 2009 (ApJS, 182, 97)",JD,,,HRS,HD 72659,,,,,10.6,,-16.7,Iodine,Wright
,McDonald Observatory,2453746.798,"Wittenmyer et al. 2009 (ApJS, 182, 97)",JD,,,HRS,HD 72659,,,,,9.6,,2.7,Iodine,Wright
,McDonald Observatory,2453751.793,"Wittenmyer et al. 2009 (ApJS, 182, 97)",JD,,,HRS,HD 72659,,,,,10.3,,-10.5,Iodine,Wright
,McDonald Observatory,2453753.794,"Wittenmyer et al. 2009 (ApJS, 182, 97)",JD,,,HRS,HD 72659,,,,,10.4,,-4.9,Iodine,Wright
,McDonald Observatory,2453755.858,"Wittenmyer et al. 2009 (ApJS, 182, 97)",JD,,,HRS,HD 72659,,,,,10.6,,-8.2,Iodine,Wright
,McDonald Observatory,2453764.756,"Wittenmyer et al. 2009 (ApJS, 182, 97)",JD,,,HRS,HD 72659,,,,,9.7,,-9.2,Iodine,Wright
,McDonald Observatory,2453773.729,"Wittenmyer et al. 2009 (ApJS, 182, 97)",JD,,,HRS,HD 72659,,,,,11,,6.3,Iodine,Wright
,McDonald Observatory,2453780.79,"Wittenmyer et al. 2009 (ApJS, 182, 97)",JD,,,HRS,HD 72659,,,,,9.4,,-1.5,Iodine,Wright
,McDonald Observatory,2453802.65,"Wittenmyer et al. 2009 (ApJS, 182, 97)",JD,,,HRS,HD 72659,,,,,8.3,,6.8,Iodine,Wright
,McDonald Observatory,2454050.975,"Wittenmyer et al. 2009 (ApJS, 182, 97)",JD,,,HRS,HD 72659,,,,,9.5,,-25.6,Iodine,Wright
,McDonald Observatory,2454053.027,"Wittenmyer et al. 2009 (ApJS, 182, 97)",JD,,,HRS,HD 72659,,,,,9.5,,-18.5,Iodine,Wright
,McDonald Observatory,2454056.957,"Wittenmyer et al. 2009 (ApJS, 182, 97)",JD,,,HRS,HD 72659,,,,,9.9,,-32.3,Iodine,Wright
,McDonald Observatory,2454061.022,"Wittenmyer et al. 2009 (ApJS, 182, 97)",JD,,,HRS,HD 72659,,,,,9.6,,-29.7,Iodine,Wright
,McDonald Observatory,2454064.005,"Wittenmyer et al. 2009 (ApJS, 182, 97)",JD,,,HRS,HD 72659,,,,,10.3,,-22.3,Iodine,Wright
,McDonald Observatory,2454127.759,"Wittenmyer et al. 2009 (ApJS, 182, 97)",JD,,,HRS,HD 72659,,,,,8.4,,-29.3,Iodine,Wright
,McDonald Observatory,2454158.756,"Wittenmyer et al. 2009 (ApJS, 182, 97)",JD,,,HRS,HD 72659,,,,,8.1,,-31.1,Iodine,Wright
,McDonald Observatory,2454161.663,"Wittenmyer et al. 2009 (ApJS, 182, 97)",JD,,,HRS,HD 72659,,,,,9.8,,-21.2,Iodine,Wright
,McDonald Observatory,2454167.722,"Wittenmyer et al. 2009 (ApJS, 182, 97)",JD,,,HRS,HD 72659,,,,,8.6,,-25.1,Iodine,Wright
,McDonald Observatory,2454420.021,"Wittenmyer et al. 2009 (ApJS, 182, 97)",JD,,,HRS,HD 72659,,,,,11.1,,-50.6,Iodine,Wright
,McDonald Observatory,2454431.992,"Wittenmyer et al. 2009 (ApJS, 182, 97)",JD,,,HRS,HD 72659,,,,,9.4,,-40.2,Iodine,Wright
0.001316865,La Silla Observatory,2453058.668,"Trifonov et al. (A&A 636, A74 (2020))",BJD,7.232125769,0.0043417,HARPS,HD72659,NaN,119.9968,56.3,-10.5702125,1.729,0.395058465,36.48,ThAr,Trifonov
0.001081658,La Silla Observatory,2453060.605,"Trifonov et al. (A&A 636, A74 (2020))",BJD,7.241142747,0.012573267,HARPS,HD72659,NaN,119.996,66.5,-11.30031837,1.535,0.394254512,35.848,ThAr,Trifonov
0.000818355,La Silla Observatory,2453312.857,"Trifonov et al. (A&A 636, A74 (2020))",BJD,7.24082504,0.013130279,HARPS,HD72659,NaN,422.7,88.1,28.47775081,1.33,0.3990372,22.213,ThAr,Trifonov
0.001413979,La Silla Observatory,2453370.851,"Trifonov et al. (A&A 636, A74 (2020))",BJD,7.247126812,0.01795947,HARPS,HD72659,NaN,60.0008,51.6,14.69653724,2.001,0.394307748,23.602,ThAr,Trifonov
0.001385004,La Silla Observatory,2453373.822,"Trifonov et al. (A&A 636, A74 (2020))",BJD,7.246040996,0.016679486,HARPS,HD72659,NaN,76.083,53.1,13.46836391,1.878,0.397290314,27.768,ThAr,Trifonov
0.001005138,La Silla Observatory,2453411.693,"Trifonov et al. (A&A 636, A74 (2020))",BJD,7.240612885,0.012061284,HARPS,HD72659,NaN,180.0009,72,-4.74583008,1.517,0.39678648,23.178,ThAr,Trifonov
0.001978797,La Silla Observatory,2453489.48,"Trifonov et al. (A&A 636, A74 (2020))",BJD,7.244616232,0.012903641,HARPS,HD72659,NaN,63.3821,38.4,-27.85079152,2.523,0.399110561,19.321,ThAr,Trifonov
0.001025245,La Silla Observatory,2453728.817,"Trifonov et al. (A&A 636, A74 (2020))",BJD,7.240908909,0.00915099,HARPS,HD72659,NaN,60.001,72.7,17.80989089,1.495,0.398885834,10.179,ThAr,Trifonov
0.000753886,La Silla Observatory,2454122.757,"Trifonov et al. (A&A 636, A74 (2020))",BJD,7.237476457,0.01078153,HARPS,HD72659,NaN,199.9991,98.7,4.845462475,1.24,0.393634409,-10.661,ThAr,Trifonov
0.001037796,La Silla Observatory,2454142.708,"Trifonov et al. (A&A 636, A74 (2020))",BJD,7.244211732,0.008916336,HARPS,HD72659,NaN,84.5021,72.7,-5.016069179,1.389,0.394558791,-12.923,ThAr,Trifonov
0.001029706,La Silla Observatory,2454166.625,"Trifonov et al. (A&A 636, A74 (2020))",BJD,7.248476089,0.011020994,HARPS,HD72659,NaN,84.4961,71.3,-15.77548403,1.559,0.396546698,-4.777,ThAr,Trifonov
0.001615962,La Silla Observatory,2454170.638,"Trifonov et al. (A&A 636, A74 (2020))",BJD,7.245303146,0.013472027,HARPS,HD72659,NaN,42.2955,45.8,-17.41142215,2.265,0.394008522,-15.885,ThAr,Trifonov
0.001693324,La Silla Observatory,2454172.616,"Trifonov et al. (A&A 636, A74 (2020))",BJD,7.250796129,0.010905871,HARPS,HD72659,NaN,42.2984,44.9,-18.11759332,2.289,0.396413989,-18.229,ThAr,Trifonov
0.001504795,La Silla Observatory,2454234.531,"Trifonov et al. (A&A 636, A74 (2020))",BJD,7.237198351,0.01412638,HARPS,HD72659,NaN,59.9959,49.3,-27.5538617,2.08,0.394732525,-5.703,ThAr,Trifonov
0.001003341,La Silla Observatory,2454392.877,"Trifonov et al. (A&A 636, A74 (2020))",BJD,7.246796524,0.008667512,HARPS,HD72659,NaN,119.9963,73.5,27.46067902,1.506,0.397689801,-25.735,ThAr,Trifonov
0.001612169,La Silla Observatory,2454393.859,"Trifonov et al. (A&A 636, A74 (2020))",BJD,7.253333707,0.005827667,HARPS,HD72659,NaN,59.9975,47.4,27.61625282,2.159,0.398595732,-26.067,ThAr,Trifonov
0.001404109,La Silla Observatory,2454431.832,"Trifonov et al. (A&A 636, A74 (2020))",BJD,7.248774712,0.005792745,HARPS,HD72659,NaN,42.3019,54.3,26.11929552,1.812,0.390851694,-25.498,ThAr,Trifonov
0.001253921,La Silla Observatory,2454478.793,"Trifonov et al. (A&A 636, A74 (2020))",BJD,7.238501861,0.017625328,HARPS,HD72659,NaN,50.7,60.8,9.263053435,1.746,0.395967365,-23.156,ThAr,Trifonov
0.001334534,La Silla Observatory,2454525.646,"Trifonov et al. (A&A 636, A74 (2020))",BJD,7.246837047,0.008806158,HARPS,HD72659,NaN,42.3,56.8,-13.18047999,1.85,0.395978427,-29.422,ThAr,Trifonov
0.00595272,La Silla Observatory,2454547.616,"Trifonov et al. (A&A 636, A74 (2020))",BJD,7.278710861,0.040892853,HARPS,HD72659,NaN,5,15.1,-21.50908487,7.893,0.401672832,-30.709,ThAr,Trifonov
0.001265334,La Silla Observatory,2454547.623,"Trifonov et al. (A&A 636, A74 (2020))",BJD,7.241913775,0.013604359,HARPS,HD72659,NaN,63.4,58.2,-21.52724146,1.723,0.395593745,-29.521,ThAr,Trifonov
0.002155817,La Silla Observatory,2454549.619,"Trifonov et al. (A&A 636, A74 (2020))",BJD,7.250277554,0.027136813,HARPS,HD72659,NaN,60,36.5,-22.13345784,2.774,0.397128859,-22.599,ThAr,Trifonov
0.002122048,La Silla Observatory,2454550.609,"Trifonov et al. (A&A 636, A74 (2020))",BJD,7.235688342,0.026547592,HARPS,HD72659,NaN,120,37.2,-22.40767379,2.7,0.395615192,-33.325,ThAr,Trifonov
0.002058468,La Silla Observatory,2454553.604,"Trifonov et al. (A&A 636, A74 (2020))",BJD,7.240229914,0.013030887,HARPS,HD72659,NaN,60,38.1,-23.25347787,2.683,0.396438369,-28.873,ThAr,Trifonov
0.00114907,La Silla Observatory,2454554.599,"Trifonov et al. (A&A 636, A74 (2020))",BJD,7.244819925,0.01057464,HARPS,HD72659,NaN,60,65.2,-23.51421873,1.512,0.397822667,-30.711,ThAr,Trifonov
0.001158893,La Silla Observatory,2454569.514,"Trifonov et al. (A&A 636, A74 (2020))",BJD,7.246423129,0.004264956,HARPS,HD72659,NaN,120,64.8,-26.4900309,1.635,0.393314203,-23.205,ThAr,Trifonov
0.003335457,La Silla Observatory,2454621.476,"Trifonov et al. (A&A 636, A74 (2020))",BJD,7.251254928,0.013298327,HARPS,HD72659,NaN,400,24.7,-23.79389882,4.369,0.396546239,-31.101,ThAr,Trifonov
0.001522019,La Silla Observatory,2454813.826,"Trifonov et al. (A&A 636, A74 (2020))",BJD,7.248678524,0.013170697,HARPS,HD72659,NaN,50.1,51.1,21.66480383,2.008,0.394126937,-26.398,ThAr,Trifonov
0.00163773,La Silla Observatory,2454840.779,"Trifonov et al. (A&A 636, A74 (2020))",BJD,7.2585732,0.017208402,HARPS,HD72659,NaN,63.4,47,10.83927801,2.218,0.395531981,-31.337,ThAr,Trifonov
0.001691816,La Silla Observatory,2454872.756,"Trifonov et al. (A&A 636, A74 (2020))",BJD,7.250920005,0.004250787,HARPS,HD72659,NaN,59.2,46.6,-4.912581244,2.194,0.398160719,-24.154,ThAr,Trifonov
0.002307425,La Silla Observatory,2455136.856,"Trifonov et al. (A&A 636, A74 (2020))",BJD,7.248741553,0.000779072,HARPS,HD72659,NaN,63.3989,34.9,28.44883669,3.052,0.403580602,-8.842,ThAr,Trifonov
0.001540893,La Silla Observatory,2455137.861,"Trifonov et al. (A&A 636, A74 (2020))",BJD,7.240562933,0.011089991,HARPS,HD72659,NaN,84.4995,50.4,28.44875761,2.073,0.398945147,-10.936,ThAr,Trifonov
0.001814576,La Silla Observatory,2455196.825,"Trifonov et al. (A&A 636, A74 (2020))",BJD,7.251957692,0.017950467,HARPS,HD72659,NaN,42.2942,45.1,14.8706317,2.19,0.403211823,-9.696,ThAr,Trifonov
0.002251423,La Silla Observatory,2455217.795,"Trifonov et al. (A&A 636, A74 (2020))",BJD,7.240539768,0.009809676,HARPS,HD72659,NaN,42.2997,36.8,5.100544516,2.746,0.405737354,-8.926,ThAr,Trifonov
0.001951227,La Silla Observatory,2455297.49,"Trifonov et al. (A&A 636, A74 (2020))",BJD,7.251098431,0.006022898,HARPS,HD72659,NaN,42.3072,41.2,-26.02403431,2.431,0.398627715,0.587,ThAr,Trifonov
0.002310773,La Silla Observatory,2455312.545,"Trifonov et al. (A&A 636, A74 (2020))",BJD,7.247569071,-0.00115789,HARPS,HD72659,NaN,63.4052,34.7,-27.88467357,3.463,0.402519089,-0.091,ThAr,Trifonov
0.00195925,La Silla Observatory,2455313.556,"Trifonov et al. (A&A 636, A74 (2020))",BJD,7.255875138,0.004613282,HARPS,HD72659,NaN,84.5078,41.2,-27.95664983,2.517,0.399678157,5.948,ThAr,Trifonov
0.001437032,La Silla Observatory,2455315.557,"Trifonov et al. (A&A 636, A74 (2020))",BJD,7.235426766,0.004250423,HARPS,HD72659,NaN,84.7063,52,-28.03335317,2.146,0.396200657,5.796,ThAr,Trifonov
0.000773994,La Silla Observatory,2455321.471,"Trifonov et al. (A&A 636, A74 (2020))",BJD,7.252404389,0.00767548,HARPS,HD72659,NaN,180.0008,97.4,-27.88507641,1.275,0.396024807,2.473,ThAr,Trifonov
0.000990045,La Silla Observatory,2455324.478,"Trifonov et al. (A&A 636, A74 (2020))",BJD,7.255246684,0.012339877,HARPS,HD72659,NaN,180.005,76.5,-27.82273225,1.418,0.396539183,4.808,ThAr,Trifonov
0.000835502,La Silla Observatory,2455326.466,"Trifonov et al. (A&A 636, A74 (2020))",BJD,7.252451476,0.010575636,HARPS,HD72659,NaN,180.0073,91.1,-27.7010474,1.31,0.396153689,5.399,ThAr,Trifonov
0.000786292,La Silla Observatory,2455334.517,"Trifonov et al. (A&A 636, A74 (2020))",BJD,7.253828741,0.014377854,HARPS,HD72659,NaN,180.0061,93.8,-27.09582136,1.343,0.397365081,7.508,ThAr,Trifonov
0.001695421,La Silla Observatory,2455338.471,"Trifonov et al. (A&A 636, A74 (2020))",BJD,7.264021853,0.000196513,HARPS,HD72659,NaN,60.0062,45.9,-26.45704868,2.257,0.399887448,3.862,ThAr,Trifonov
0.001643647,La Silla Observatory,2455351.445,"Trifonov et al. (A&A 636, A74 (2020))",BJD,7.248931853,0.007354278,HARPS,HD72659,NaN,120.0071,46.4,-23.87009696,2.313,0.398022219,3.594,ThAr,Trifonov
0.000876225,La Silla Observatory,2455354.438,"Trifonov et al. (A&A 636, A74 (2020))",BJD,7.256178822,0.005932594,HARPS,HD72659,NaN,120.0064,85.3,-23.11294249,1.399,0.394271789,5.773,ThAr,Trifonov
0.001136226,La Silla Observatory,2455530.789,"Trifonov et al. (A&A 636, A74 (2020))",BJD,7.254768442,0.005311348,HARPS,HD72659,NaN,84.5052,66.7,25.53580502,1.693,0.390700558,24.402,ThAr,Trifonov
0.001221024,La Silla Observatory,2455532.812,"Trifonov et al. (A&A 636, A74 (2020))",BJD,7.256745255,0.007305557,HARPS,HD72659,NaN,58.9077,63.1,25.0110255,1.652,0.393615978,26.843,ThAr,Trifonov
0.000472029,La Silla Observatory,2456382.621,"Trifonov et al. (A&A 636, A74 (2020))",BJD,7.260213366,0.009711476,HARPS,HD72659,NaN,445.8204,158.8,-24.02739565,0.906,0.396169466,21.497,ThAr,Trifonov
0.001473257,La Silla Observatory,2456814.453,"Trifonov et al. (A&A 636, A74 (2020))",BJD,7.263924294,0.006648469,HARPS,HD72659,NaN,90.0006,52.4,-23.38296225,2.067,0.39180424,3.731,ThAr,Trifonov
0.000930911,La Silla Observatory,2457854.58,"Trifonov et al. (A&A 636, A74 (2020))",BJD,7.276110113,0.01864067,HARPS,HD72659,NaN,119.9983,83.7,-26.26395283,0.938,0.396030385,7.921,ThAr,Trifonov
0.001276373,La Silla Observatory,2458069.834,"Trifonov et al. (A&A 636, A74 (2020))",BJD,7.281785993,0.021570819,HARPS,HD72659,NaN,119.9982,62.7,28.18336351,1.5,0.396882337,0.28,ThAr,Trifonov
0.000988974,La Silla Observatory,2458160.737,"Trifonov et al. (A&A 636, A74 (2020))",BJD,7.278912261,0.019877083,HARPS,HD72659,NaN,119.9982,76.1,-5.189948359,1.366,0.39821038,-8.96,ThAr,Trifonov
0.001126098,La Silla Observatory,2458217.631,"Trifonov et al. (A&A 636, A74 (2020))",BJD,7.271136471,0.01668796,HARPS,HD72659,NaN,119.9983,66,-25.97786294,1.322,0.389613738,-7.572,ThAr,Trifonov
0.001126098,La Silla Observatory,2500000.01,"Trifonov et al. (A&A 636, A74 (2020))",BJD,7.271136471,0.01668796,HARPS,HD72659,NaN,119.9983,66,-25.97786294,1.322,0.389613738,-7.572,ThAr,Fake
0.001126098,La Silla Observatory,2500010.02,"Trifonov et al. (A&A 636, A74 (2020))",BJD,7.271136471,0.01668796,HARPS,HD72659,NaN,119.9983,66,-25.97786294,1.322,0.389613738,-7.572,ThAr,Fake
0.001126098,La Silla Observatory,2500020.03,"Trifonov et al. (A&A 636, A74 (2020))",BJD,7.271136471,0.01668796,HARPS,HD72659,NaN,119.9983,66,-25.97786294,1.322,0.389613738,-7.572,ThAr,Fake
0.001126098,La Silla Observatory,2500030.04,"Trifonov et al. (A&A 636, A74 (2020))",BJD,7.271136471,0.01668796,HARPS,HD72659,NaN,119.9983,66,-25.97786294,1.322,0.389613738,-7.572,ThAr,Fake
0.001126098,La Silla Observatory,2500020.05,"Trifonov et al. (A&A 636, A74 (2020))",BJD,7.271136471,0.01668796,HARPS,HD72659,NaN,119.9983,66,-25.97786294,1.322,0.389613738,-7.572,ThAr,Fake
,Mauna Kea,2451552.106,"Butler et al. 2003 (ApJ, 582, 455)",JD,,,HIRES,HD 92788,,,,,2.5,,16.7,Iodine,Wright
,Mauna Kea,2451553.034,"Butler et al. 2003 (ApJ, 582, 455)",JD,,,HIRES,HD 92788,,,,,2.7,,18.6,Iodine,Wright
,Mauna Kea,2451581.979,"Butler et al. 2003 (ApJ, 582, 455)",JD,,,HIRES,HD 92788,,,,,2.5,,-20.8,Iodine,Wright
,Mauna Kea,2451582.969,"Butler et al. 2003 (ApJ, 582, 455)",JD,,,HIRES,HD 92788,,,,,2.2,,-18.6,Iodine,Wright
,Mauna Kea,2451583.942,"Butler et al. 2003 (ApJ, 582, 455)",JD,,,HIRES,HD 92788,,,,,2.3,,-12.1,Iodine,Wright
,Mauna Kea,2451584.992,"Butler et al. 2003 (ApJ, 582, 455)",JD,,,HIRES,HD 92788,,,,,2,,-14.4,Iodine,Wright
,Mauna Kea,2451585.962,"Butler et al. 2003 (ApJ, 582, 455)",JD,,,HIRES,HD 92788,,,,,2.6,,-20.4,Iodine,Wright
,Mauna Kea,2451678.91,"Butler et al. 2003 (ApJ, 582, 455)",JD,,,HIRES,HD 92788,,,,,2.7,,-97.6,Iodine,Wright
,Mauna Kea,2451703.796,"Butler et al. 2003 (ApJ, 582, 455)",JD,,,HIRES,HD 92788,,,,,2.7,,-83.4,Iodine,Wright
,Mauna Kea,2451705.796,"Butler et al. 2003 (ApJ, 582, 455)",JD,,,HIRES,HD 92788,,,,,2.8,,-86.8,Iodine,Wright
,Mauna Kea,2451706.792,"Butler et al. 2003 (ApJ, 582, 455)",JD,,,HIRES,HD 92788,,,,,2.5,,-81.5,Iodine,Wright
,Mauna Kea,2451755.736,"Butler et al. 2003 (ApJ, 582, 455)",JD,,,HIRES,HD 92788,,,,,3.6,,91.7,Iodine,Wright
,Mauna Kea,2451883.151,"Butler et al. 2003 (ApJ, 582, 455)",JD,,,HIRES,HD 92788,,,,,2.8,,1.9,Iodine,Wright
,Mauna Kea,2451898.142,"Butler et al. 2003 (ApJ, 582, 455)",JD,,,HIRES,HD 92788,,,,,2.6,,-1.2,Iodine,Wright
,Mauna Kea,2451972.067,"Butler et al. 2003 (ApJ, 582, 455)",JD,,,HIRES,HD 92788,,,,,1.7,,-82.2,Iodine,Wright
,Mauna Kea,2451973.995,"Butler et al. 2003 (ApJ, 582, 455)",JD,,,HIRES,HD 92788,,,,,2.5,,-86.7,Iodine,Wright
,Mauna Kea,2451981.97,"Butler et al. 2003 (ApJ, 582, 455)",JD,,,HIRES,HD 92788,,,,,2.3,,-91.8,Iodine,Wright
,Mauna Kea,2452002.946,"Butler et al. 2003 (ApJ, 582, 455)",JD,,,HIRES,HD 92788,,,,,3,,-104,Iodine,Wright
,Mauna Kea,2452007.936,"Butler et al. 2003 (ApJ, 582, 455)",JD,,,HIRES,HD 92788,,,,,2.8,,-102.8,Iodine,Wright
,Mauna Kea,2452030.876,"Butler et al. 2003 (ApJ, 582, 455)",JD,,,HIRES,HD 92788,,,,,3,,-88.6,Iodine,Wright
,Mauna Kea,2452064.806,"Butler et al. 2003 (ApJ, 582, 455)",JD,,,HIRES,HD 92788,,,,,2.6,,23,Iodine,Wright
,Mauna Kea,2452307.971,"Butler et al. 2003 (ApJ, 582, 455)",JD,,,HIRES,HD 92788,,,,,3,,-89,Iodine,Wright
,Mauna Kea,2452601.143,"Butler et al. 2003 (ApJ, 582, 455)",JD,,,HIRES,HD 92788,,,,,2.7,,-60.4,Iodine,Wright
,Mauna Kea,2452682.996,"Butler et al. 2003 (ApJ, 582, 455)",JD,,,HIRES,HD 92788,,,,,3.1,,-90,Iodine,Wright
,Mauna Kea,2453017.166,"Butler et al. 2003 (ApJ, 582, 455)",JD,,,HIRES,HD 92788,,,,,2.8,,-71.4,Iodine,Wright
,Mauna Kea,2453369.143,"Butler et al. 2003 (ApJ, 582, 455)",JD,,,HIRES,HD 92788,,,,,2.5,,31.3,Iodine,Wright
,Mauna Kea,2453426.968,"Butler et al. 2003 (ApJ, 582, 455)",JD,,,HIRES,HD 92788,,,,,2.7,,95,Iodine,Wright
,Lick Observatory,2450831.908,"Butler et al. 2003 (ApJ, 582, 455)",JD,,,Hamilton echelle spectrograph,HD 92788,,,,,11,,97,Iodine,Wright
,Lick Observatory,2451242.887,"Butler et al. 2003 (ApJ, 582, 455)",JD,,,Hamilton echelle spectrograph,HD 92788,,,,,9,,1.7,Iodine,Wright
,Lick Observatory,2451298.758,"Butler et al. 2003 (ApJ, 582, 455)",JD,,,Hamilton echelle spectrograph,HD 92788,,,,,9.5,,-79.4,Iodine,Wright
,Lick Observatory,2451299.704,"Butler et al. 2003 (ApJ, 582, 455)",JD,,,Hamilton echelle spectrograph,HD 92788,,,,,8.2,,-51.9,Iodine,Wright
,Lick Observatory,2451300.717,"Butler et al. 2003 (ApJ, 582, 455)",JD,,,Hamilton echelle spectrograph,HD 92788,,,,,10,,-50,Iodine,Wright
,Lick Observatory,2451303.704,"Butler et al. 2003 (ApJ, 582, 455)",JD,,,Hamilton echelle spectrograph,HD 92788,,,,,7.8,,-63.3,Iodine,Wright
,Lick Observatory,2451534.077,"Butler et al. 2003 (ApJ, 582, 455)",JD,,,Hamilton echelle spectrograph,HD 92788,,,,,8.4,,45.5,Iodine,Wright
,Lick Observatory,2451535.09,"Butler et al. 2003 (ApJ, 582, 455)",JD,,,Hamilton echelle spectrograph,HD 92788,,,,,8.7,,30.4,Iodine,Wright
,Lick Observatory,2451536.054,"Butler et al. 2003 (ApJ, 582, 455)",JD,,,Hamilton echelle spectrograph,HD 92788,,,,,6.9,,33.9,Iodine,Wright
,Lick Observatory,2451536.965,"Butler et al. 2003 (ApJ, 582, 455)",JD,,,Hamilton echelle spectrograph,HD 92788,,,,,6.2,,29.6,Iodine,Wright
,Lick Observatory,2451540.086,"Butler et al. 2003 (ApJ, 582, 455)",JD,,,Hamilton echelle spectrograph,HD 92788,,,,,8.6,,31.8,Iodine,Wright
,Lick Observatory,2451541.005,"Butler et al. 2003 (ApJ, 582, 455)",JD,,,Hamilton echelle spectrograph,HD 92788,,,,,9,,31.1,Iodine,Wright
,Lick Observatory,2451593.853,"Butler et al. 2003 (ApJ, 582, 455)",JD,,,Hamilton echelle spectrograph,HD 92788,,,,,16,,-40,Iodine,Wright
,Lick Observatory,2451627.772,"Butler et al. 2003 (ApJ, 582, 455)",JD,,,Hamilton echelle spectrograph,HD 92788,,,,,8.5,,-69.1,Iodine,Wright
,Lick Observatory,2451628.738,"Butler et al. 2003 (ApJ, 582, 455)",JD,,,Hamilton echelle spectrograph,HD 92788,,,,,7.3,,-66.5,Iodine,Wright
,Lick Observatory,2451629.856,"Butler et al. 2003 (ApJ, 582, 455)",JD,,,Hamilton echelle spectrograph,HD 92788,,,,,7.4,,-70.8,Iodine,Wright
,Lick Observatory,2451656.729,"Butler et al. 2003 (ApJ, 582, 455)",JD,,,Hamilton echelle spectrograph,HD 92788,,,,,12,,-77,Iodine,Wright
,Lick Observatory,2451677.722,"Butler et al. 2003 (ApJ, 582, 455)",JD,,,Hamilton echelle spectrograph,HD 92788,,,,,7.5,,-81.8,Iodine,Wright
,Lick Observatory,2451678.771,"Butler et al. 2003 (ApJ, 582, 455)",JD,,,Hamilton echelle spectrograph,HD 92788,,,,,6.6,,-101.3,Iodine,Wright
,Lick Observatory,2451860.071,"Butler et al. 2003 (ApJ, 582, 455)",JD,,,Hamilton echelle spectrograph,HD 92788,,,,,8.7,,39.7,Iodine,Wright
,Lick Observatory,2451861.06,"Butler et al. 2003 (ApJ, 582, 455)",JD,,,Hamilton echelle spectrograph,HD 92788,,,,,6.6,,30.1,Iodine,Wright
,Lick Observatory,2451914.048,"Butler et al. 2003 (ApJ, 582, 455)",JD,,,Hamilton echelle spectrograph,HD 92788,,,,,5.6,,-27.6,Iodine,Wright
,Lick Observatory,2451915.033,"Butler et al. 2003 (ApJ, 582, 455)",JD,,,Hamilton echelle spectrograph,HD 92788,,,,,5.2,,-15.9,Iodine,Wright
,Lick Observatory,2451928.025,"Butler et al. 2003 (ApJ, 582, 455)",JD,,,Hamilton echelle spectrograph,HD 92788,,,,,5,,-47.8,Iodine,Wright
,Lick Observatory,2451946.001,"Butler et al. 2003 (ApJ, 582, 455)",JD,,,Hamilton echelle spectrograph,HD 92788,,,,,6.5,,-66.6,Iodine,Wright
,Lick Observatory,2451946.938,"Butler et al. 2003 (ApJ, 582, 455)",JD,,,Hamilton echelle spectrograph,HD 92788,,,,,11,,-79,Iodine,Wright
,Lick Observatory,2452033.759,"Butler et al. 2003 (ApJ, 582, 455)",JD,,,Hamilton echelle spectrograph,HD 92788,,,,,8.8,,-99.3,Iodine,Wright
,Lick Observatory,2452040.742,"Butler et al. 2003 (ApJ, 582, 455)",JD,,,Hamilton echelle spectrograph,HD 92788,,,,,4.5,,-64.9,Iodine,Wright
,Lick Observatory,2452075.716,"Butler et al. 2003 (ApJ, 582, 455)",JD,,,Hamilton echelle spectrograph,HD 92788,,,,,8.6,,65.1,Iodine,Wright
,Lick Observatory,2452333.944,"Butler et al. 2003 (ApJ, 582, 455)",JD,,,Hamilton echelle spectrograph,HD 92788,,,,,6.8,,-89.9,Iodine,Wright
,Lick Observatory,2452334.838,"Butler et al. 2003 (ApJ, 582, 455)",JD,,,Hamilton echelle spectrograph,HD 92788,,,,,11,,-111,Iodine,Wright
,Mauna Kea,2451552.106,"Fischer et al. 2001 (ApJ, 551, 1107)",JD,,,HIRES,HD 92788,,,,,4.03,,34.62,Iodine,Wright
,Mauna Kea,2451553.034,"Fischer et al. 2001 (ApJ, 551, 1107)",JD,,,HIRES,HD 92788,,,,,3.86,,34.56,Iodine,Wright
,Mauna Kea,2451581.979,"Fischer et al. 2001 (ApJ, 551, 1107)",JD,,,HIRES,HD 92788,,,,,3.55,,-4.51,Iodine,Wright
,Mauna Kea,2451582.969,"Fischer et al. 2001 (ApJ, 551, 1107)",JD,,,HIRES,HD 92788,,,,,3.32,,0,Iodine,Wright
,Mauna Kea,2451583.942,"Fischer et al. 2001 (ApJ, 551, 1107)",JD,,,HIRES,HD 92788,,,,,3.23,,2.88,Iodine,Wright
,Mauna Kea,2451584.991,"Fischer et al. 2001 (ApJ, 551, 1107)",JD,,,HIRES,HD 92788,,,,,2.55,,-1.95,Iodine,Wright
,Mauna Kea,2451585.962,"Fischer et al. 2001 (ApJ, 551, 1107)",JD,,,HIRES,HD 92788,,,,,3.5,,-1.89,Iodine,Wright
,Mauna Kea,2451678.91,"Fischer et al. 2001 (ApJ, 551, 1107)",JD,,,HIRES,HD 92788,,,,,5.17,,-79.45,Iodine,Wright
,Mauna Kea,2451703.796,"Fischer et al. 2001 (ApJ, 551, 1107)",JD,,,HIRES,HD 92788,,,,,4.92,,-70.21,Iodine,Wright
,Mauna Kea,2451705.795,"Fischer et al. 2001 (ApJ, 551, 1107)",JD,,,HIRES,HD 92788,,,,,4.94,,-66.89,Iodine,Wright
,Mauna Kea,2451706.792,"Fischer et al. 2001 (ApJ, 551, 1107)",JD,,,HIRES,HD 92788,,,,,4.92,,-66.76,Iodine,Wright
,Mauna Kea,2451755.737,"Fischer et al. 2001 (ApJ, 551, 1107)",JD,,,HIRES,HD 92788,,,,,6.88,,88.15,Iodine,Wright
,Lick Observatory,2450831.908,"Fischer et al. 2001 (ApJ, 551, 1107)",JD,,,Hamilton echelle spectrograph,HD 92788,,,,,10.96,,105.76,Iodine,Wright
,Lick Observatory,2451242.887,"Fischer et al. 2001 (ApJ, 551, 1107)",JD,,,Hamilton echelle spectrograph,HD 92788,,,,,8.8,,14.15,Iodine,Wright
,Lick Observatory,2451298.758,"Fischer et al. 2001 (ApJ, 551, 1107)",JD,,,Hamilton echelle spectrograph,HD 92788,,,,,9.03,,-64.34,Iodine,Wright
,Lick Observatory,2451299.704,"Fischer et al. 2001 (ApJ, 551, 1107)",JD,,,Hamilton echelle spectrograph,HD 92788,,,,,8.4,,-39.89,Iodine,Wright
,Lick Observatory,2451300.717,"Fischer et al. 2001 (ApJ, 551, 1107)",JD,,,Hamilton echelle spectrograph,HD 92788,,,,,9.82,,-36.1,Iodine,Wright
,Lick Observatory,2451303.704,"Fischer et al. 2001 (ApJ, 551, 1107)",JD,,,Hamilton echelle spectrograph,HD 92788,,,,,7.4,,-50.4,Iodine,Wright
,Lick Observatory,2451534.077,"Fischer et al. 2001 (ApJ, 551, 1107)",JD,,,Hamilton echelle spectrograph,HD 92788,,,,,8.04,,56.29,Iodine,Wright
,Lick Observatory,2451535.09,"Fischer et al. 2001 (ApJ, 551, 1107)",JD,,,Hamilton echelle spectrograph,HD 92788,,,,,9.27,,39.88,Iodine,Wright
,Lick Observatory,2451536.054,"Fischer et al. 2001 (ApJ, 551, 1107)",JD,,,Hamilton echelle spectrograph,HD 92788,,,,,6.92,,45.72,Iodine,Wright
,Lick Observatory,2451536.965,"Fischer et al. 2001 (ApJ, 551, 1107)",JD,,,Hamilton echelle spectrograph,HD 92788,,,,,6.65,,41.62,Iodine,Wright
,Lick Observatory,2451540.086,"Fischer et al. 2001 (ApJ, 551, 1107)",JD,,,Hamilton echelle spectrograph,HD 92788,,,,,8.78,,38.75,Iodine,Wright
,Lick Observatory,2451541.005,"Fischer et al. 2001 (ApJ, 551, 1107)",JD,,,Hamilton echelle spectrograph,HD 92788,,,,,8.73,,39.43,Iodine,Wright
,Lick Observatory,2451627.772,"Fischer et al. 2001 (ApJ, 551, 1107)",JD,,,Hamilton echelle spectrograph,HD 92788,,,,,9.3,,-53.83,Iodine,Wright
,Lick Observatory,2451628.738,"Fischer et al. 2001 (ApJ, 551, 1107)",JD,,,Hamilton echelle spectrograph,HD 92788,,,,,7.26,,-49.67,Iodine,Wright
,Lick Observatory,2451629.855,"Fischer et al. 2001 (ApJ, 551, 1107)",JD,,,Hamilton echelle spectrograph,HD 92788,,,,,7.41,,-61.57,Iodine,Wright
,ESO La Silla,2451261.681,"Mayor et al. 2004 (A&A, 415, 391)",BJD,,,CORALIE,HD 92788,,,,,10,,-4497,Thorium Argon,Wright
,ESO La Silla,2451271.641,"Mayor et al. 2004 (A&A, 415, 391)",BJD,,,CORALIE,HD 92788,,,,,5,,-4506,Thorium Argon,Wright
,ESO La Silla,2451271.653,"Mayor et al. 2004 (A&A, 415, 391)",BJD,,,CORALIE,HD 92788,,,,,5,,-4498,Thorium Argon,Wright
,ESO La Silla,2451302.577,"Mayor et al. 2004 (A&A, 415, 391)",BJD,,,CORALIE,HD 92788,,,,,5,,-4529,Thorium Argon,Wright
,ESO La Silla,2451305.611,"Mayor et al. 2004 (A&A, 415, 391)",BJD,,,CORALIE,HD 92788,,,,,5,,-4532,Thorium Argon,Wright
,ESO La Silla,2451335.478,"Mayor et al. 2004 (A&A, 415, 391)",BJD,,,CORALIE,HD 92788,,,,,7,,-4574,Thorium Argon,Wright
,ESO La Silla,2451335.492,"Mayor et al. 2004 (A&A, 415, 391)",BJD,,,CORALIE,HD 92788,,,,,7,,-4565,Thorium Argon,Wright
,ESO La Silla,2451481.867,"Mayor et al. 2004 (A&A, 415, 391)",BJD,,,CORALIE,HD 92788,,,,,7,,-4349,Thorium Argon,Wright
,ESO La Silla,2451499.857,"Mayor et al. 2004 (A&A, 415, 391)",BJD,,,CORALIE,HD 92788,,,,,7,,-4361,Thorium Argon,Wright
,ESO La Silla,2451548.765,"Mayor et al. 2004 (A&A, 415, 391)",BJD,,,CORALIE,HD 92788,,,,,5,,-4447,Thorium Argon,Wright
,ESO La Silla,2451549.823,"Mayor et al. 2004 (A&A, 415, 391)",BJD,,,CORALIE,HD 92788,,,,,5,,-4449,Thorium Argon,Wright
,ESO La Silla,2451569.834,"Mayor et al. 2004 (A&A, 415, 391)",BJD,,,CORALIE,HD 92788,,,,,5,,-4465,Thorium Argon,Wright
,ESO La Silla,2451588.767,"Mayor et al. 2004 (A&A, 415, 391)",BJD,,,CORALIE,HD 92788,,,,,6,,-4484,Thorium Argon,Wright
,ESO La Silla,2451612.753,"Mayor et al. 2004 (A&A, 415, 391)",BJD,,,CORALIE,HD 92788,,,,,6,,-4516,Thorium Argon,Wright
,ESO La Silla,2451615.749,"Mayor et al. 2004 (A&A, 415, 391)",BJD,,,CORALIE,HD 92788,,,,,5,,-4512,Thorium Argon,Wright
,ESO La Silla,2451616.717,"Mayor et al. 2004 (A&A, 415, 391)",BJD,,,CORALIE,HD 92788,,,,,5,,-4512,Thorium Argon,Wright
,ESO La Silla,2451619.643,"Mayor et al. 2004 (A&A, 415, 391)",BJD,,,CORALIE,HD 92788,,,,,6,,-4507,Thorium Argon,Wright
,ESO La Silla,2451620.645,"Mayor et al. 2004 (A&A, 415, 391)",BJD,,,CORALIE,HD 92788,,,,,6,,-4515,Thorium Argon,Wright
,ESO La Silla,2451621.651,"Mayor et al. 2004 (A&A, 415, 391)",BJD,,,CORALIE,HD 92788,,,,,6,,-4526,Thorium Argon,Wright
,ESO La Silla,2451622.673,"Mayor et al. 2004 (A&A, 415, 391)",BJD,,,CORALIE,HD 92788,,,,,6,,-4520,Thorium Argon,Wright
,ESO La Silla,2451623.721,"Mayor et al. 2004 (A&A, 415, 391)",BJD,,,CORALIE,HD 92788,,,,,6,,-4521,Thorium Argon,Wright
,ESO La Silla,2451624.682,"Mayor et al. 2004 (A&A, 415, 391)",BJD,,,CORALIE,HD 92788,,,,,6,,-4523,Thorium Argon,Wright
,ESO La Silla,2451625.626,"Mayor et al. 2004 (A&A, 415, 391)",BJD,,,CORALIE,HD 92788,,,,,6,,-4535,Thorium Argon,Wright
,ESO La Silla,2451626.658,"Mayor et al. 2004 (A&A, 415, 391)",BJD,,,CORALIE,HD 92788,,,,,5,,-4535,Thorium Argon,Wright
,ESO La Silla,2451627.627,"Mayor et al. 2004 (A&A, 415, 391)",BJD,,,CORALIE,HD 92788,,,,,6,,-4522,Thorium Argon,Wright
,ESO La Silla,2451628.616,"Mayor et al. 2004 (A&A, 415, 391)",BJD,,,CORALIE,HD 92788,,,,,5,,-4538,Thorium Argon,Wright
,ESO La Silla,2451629.627,"Mayor et al. 2004 (A&A, 415, 391)",BJD,,,CORALIE,HD 92788,,,,,6,,-4535,Thorium Argon,Wright
,ESO La Silla,2451630.606,"Mayor et al. 2004 (A&A, 415, 391)",BJD,,,CORALIE,HD 92788,,,,,5,,-4531,Thorium Argon,Wright
,ESO La Silla,2451631.593,"Mayor et al. 2004 (A&A, 415, 391)",BJD,,,CORALIE,HD 92788,,,,,5,,-4520,Thorium Argon,Wright
,ESO La Silla,2451632.594,"Mayor et al. 2004 (A&A, 415, 391)",BJD,,,CORALIE,HD 92788,,,,,5,,-4537,Thorium Argon,Wright
,ESO La Silla,2451633.649,"Mayor et al. 2004 (A&A, 415, 391)",BJD,,,CORALIE,HD 92788,,,,,5,,-4538,Thorium Argon,Wright
,ESO La Silla,2451640.676,"Mayor et al. 2004 (A&A, 415, 391)",BJD,,,CORALIE,HD 92788,,,,,5,,-4542,Thorium Argon,Wright
,ESO La Silla,2451642.613,"Mayor et al. 2004 (A&A, 415, 391)",BJD,,,CORALIE,HD 92788,,,,,5,,-4542,Thorium Argon,Wright
,ESO La Silla,2451646.69,"Mayor et al. 2004 (A&A, 415, 391)",BJD,,,CORALIE,HD 92788,,,,,5,,-4553,Thorium Argon,Wright
,ESO La Silla,2451665.517,"Mayor et al. 2004 (A&A, 415, 391)",BJD,,,CORALIE,HD 92788,,,,,6,,-4548,Thorium Argon,Wright
,ESO La Silla,2451687.546,"Mayor et al. 2004 (A&A, 415, 391)",BJD,,,CORALIE,HD 92788,,,,,5,,-4561,Thorium Argon,Wright
,ESO La Silla,2451689.616,"Mayor et al. 2004 (A&A, 415, 391)",BJD,,,CORALIE,HD 92788,,,,,12,,-4558,Thorium Argon,Wright
,ESO La Silla,2451702.525,"Mayor et al. 2004 (A&A, 415, 391)",BJD,,,CORALIE,HD 92788,,,,,9,,-4580,Thorium Argon,Wright
,ESO La Silla,2451750.464,"Mayor et al. 2004 (A&A, 415, 391)",BJD,,,CORALIE,HD 92788,,,,,10,,-4373,Thorium Argon,Wright
,ESO La Silla,2451955.736,"Mayor et al. 2004 (A&A, 415, 391)",BJD,,,CORALIE,HD 92788,,,,,5,,-4526,Thorium Argon,Wright
,ESO La Silla,2451963.746,"Mayor et al. 2004 (A&A, 415, 391)",BJD,,,CORALIE,HD 92788,,,,,4,,-4529,Thorium Argon,Wright
,ESO La Silla,2451967.756,"Mayor et al. 2004 (A&A, 415, 391)",BJD,,,CORALIE,HD 92788,,,,,5,,-4535,Thorium Argon,Wright
,ESO La Silla,2451970.77,"Mayor et al. 2004 (A&A, 415, 391)",BJD,,,CORALIE,HD 92788,,,,,5,,-4541,Thorium Argon,Wright
,ESO La Silla,2451975.705,"Mayor et al. 2004 (A&A, 415, 391)",BJD,,,CORALIE,HD 92788,,,,,4,,-4534,Thorium Argon,Wright
,ESO La Silla,2451987.72,"Mayor et al. 2004 (A&A, 415, 391)",BJD,,,CORALIE,HD 92788,,,,,5,,-4555,Thorium Argon,Wright
,ESO La Silla,2451995.747,"Mayor et al. 2004 (A&A, 415, 391)",BJD,,,CORALIE,HD 92788,,,,,5,,-4573,Thorium Argon,Wright
,ESO La Silla,2452050.513,"Mayor et al. 2004 (A&A, 415, 391)",BJD,,,CORALIE,HD 92788,,,,,11,,-4506,Thorium Argon,Wright
,ESO La Silla,2452052.527,"Mayor et al. 2004 (A&A, 415, 391)",BJD,,,CORALIE,HD 92788,,,,,5,,-4507,Thorium Argon,Wright
,ESO La Silla,2452072.471,"Mayor et al. 2004 (A&A, 415, 391)",BJD,,,CORALIE,HD 92788,,,,,5,,-4414,Thorium Argon,Wright
,ESO La Silla,2452087.502,"Mayor et al. 2004 (A&A, 415, 391)",BJD,,,CORALIE,HD 92788,,,,,5,,-4376,Thorium Argon,Wright
,ESO La Silla,2452306.886,"Mayor et al. 2004 (A&A, 415, 391)",BJD,,,CORALIE,HD 92788,,,,,4,,-4552,Thorium Argon,Wright
,ESO La Silla,2452320.733,"Mayor et al. 2004 (A&A, 415, 391)",BJD,,,CORALIE,HD 92788,,,,,4,,-4558,Thorium Argon,Wright
,ESO La Silla,2452373.646,"Mayor et al. 2004 (A&A, 415, 391)",BJD,,,CORALIE,HD 92788,,,,,4,,-4513,Thorium Argon,Wright
,ESO La Silla,2452462.472,"Mayor et al. 2004 (A&A, 415, 391)",BJD,,,CORALIE,HD 92788,,,,,3,,-4386,Thorium Argon,Wright
,ESO La Silla,2452712.628,"Mayor et al. 2004 (A&A, 415, 391)",BJD,,,CORALIE,HD 92788,,,,,4,,-4457,Thorium Argon,Wright
0.000885487,La Silla Observatory,2453163.448,"Trifonov et al. (A&A 636, A74 (2020))",BJD,7.25107005,-0.026735397,HARPS,HD92788,NaN,100.0009,84.1,-28.92114314,1.188,0.427134197,3.164,ThAr,Trifonov
0.000907259,La Silla Observatory,2453163.45,"Trifonov et al. (A&A 636, A74 (2020))",BJD,7.247288883,-0.027947796,HARPS,HD92788,NaN,99.9967,82.2,-28.92497419,1.203,0.426788433,0.575,ThAr,Trifonov
0.000970601,La Silla Observatory,2453163.451,"Trifonov et al. (A&A 636, A74 (2020))",BJD,7.245946155,-0.02695412,HARPS,HD92788,NaN,99.9951,78.3,-28.92873328,1.217,0.426499385,-3.443,ThAr,Trifonov
0.000942201,La Silla Observatory,2453163.454,"Trifonov et al. (A&A 636, A74 (2020))",BJD,7.247031817,-0.028193518,HARPS,HD92788,NaN,100.0007,80.2,-28.93470103,1.205,0.42597146,-0.852,ThAr,Trifonov
0.000980286,La Silla Observatory,2453163.455,"Trifonov et al. (A&A 636, A74 (2020))",BJD,7.249572323,-0.026729369,HARPS,HD92788,NaN,100.0026,77.6,-28.93860146,1.223,0.424552991,3.384,ThAr,Trifonov
0.001043819,La Silla Observatory,2453163.457,"Trifonov et al. (A&A 636, A74 (2020))",BJD,7.239722203,-0.024493894,HARPS,HD92788,NaN,100.0017,73.4,-28.94238003,1.254,0.42604986,-0.894,ThAr,Trifonov
0.000938709,La Silla Observatory,2453163.458,"Trifonov et al. (A&A 636, A74 (2020))",BJD,7.248286494,-0.025684846,HARPS,HD92788,NaN,99.9998,79.5,-28.94597096,1.228,0.427934803,1.5,ThAr,Trifonov
0.001000283,La Silla Observatory,2453163.46,"Trifonov et al. (A&A 636, A74 (2020))",BJD,7.249543818,-0.026091367,HARPS,HD92788,NaN,100.0015,75.8,-28.94974962,1.24,0.424949578,1.879,ThAr,Trifonov
0.000846469,La Silla Observatory,2453163.471,"Trifonov et al. (A&A 636, A74 (2020))",BJD,7.247742683,-0.027101533,HARPS,HD92788,NaN,100.0021,88.1,-28.97686963,1.162,0.426375469,2.47,ThAr,Trifonov
0.000952464,La Silla Observatory,2453163.472,"Trifonov et al. (A&A 636, A74 (2020))",BJD,7.245051577,-0.026355953,HARPS,HD92788,NaN,100.0004,79.6,-28.98054695,1.211,0.425948676,0.551,ThAr,Trifonov
0.00092013,La Silla Observatory,2453163.474,"Trifonov et al. (A&A 636, A74 (2020))",BJD,7.252572213,-0.027698267,HARPS,HD92788,NaN,100.0026,80.3,-28.98432294,1.227,0.426236782,2.412,ThAr,Trifonov
0.000894066,La Silla Observatory,2453163.475,"Trifonov et al. (A&A 636, A74 (2020))",BJD,7.248934088,-0.026138477,HARPS,HD92788,NaN,100.0005,84.2,-28.98798159,1.178,0.424476651,-1.015,ThAr,Trifonov
0.000839046,La Silla Observatory,2453163.477,"Trifonov et al. (A&A 636, A74 (2020))",BJD,7.250236894,-0.02774592,HARPS,HD92788,NaN,100.0021,88,-28.99171086,1.17,0.425058906,1.039,ThAr,Trifonov
0.000886467,La Silla Observatory,2453163.478,"Trifonov et al. (A&A 636, A74 (2020))",BJD,7.247245717,-0.025954477,HARPS,HD92788,NaN,100.002,84.8,-28.99538383,1.18,0.42787048,2.967,ThAr,Trifonov
0.000863561,La Silla Observatory,2453163.48,"Trifonov et al. (A&A 636, A74 (2020))",BJD,7.24614944,-0.023083504,HARPS,HD92788,NaN,100.0003,86,-28.99906305,1.178,0.424664269,3.428,ThAr,Trifonov
0.000866508,La Silla Observatory,2453163.481,"Trifonov et al. (A&A 636, A74 (2020))",BJD,7.251311964,-0.031548009,HARPS,HD92788,NaN,100.0027,85.2,-29.00267154,1.189,0.424140223,0.325,ThAr,Trifonov
0.000879322,La Silla Observatory,2453163.483,"Trifonov et al. (A&A 636, A74 (2020))",BJD,7.248093368,-0.031958351,HARPS,HD92788,NaN,100.0026,84.5,-29.00638602,1.189,0.426470743,0.875,ThAr,Trifonov
0.000854569,La Silla Observatory,2453163.484,"Trifonov et al. (A&A 636, A74 (2020))",BJD,7.243940095,-0.026408244,HARPS,HD92788,NaN,100.0013,87.3,-29.01037611,1.166,0.424208628,0.127,ThAr,Trifonov
0.000802887,La Silla Observatory,2453164.446,"Trifonov et al. (A&A 636, A74 (2020))",BJD,7.244614444,-0.024697401,HARPS,HD92788,NaN,100.0022,91.2,-28.89285403,1.145,0.424445628,1.618,ThAr,Trifonov
0.000806253,La Silla Observatory,2453164.448,"Trifonov et al. (A&A 636, A74 (2020))",BJD,7.236454505,-0.025684094,HARPS,HD92788,NaN,100.0021,92,-28.89662064,1.131,0.426370554,-1.263,ThAr,Trifonov
0.000857819,La Silla Observatory,2453164.449,"Trifonov et al. (A&A 636, A74 (2020))",BJD,7.241653684,-0.029434856,HARPS,HD92788,NaN,100,87.6,-28.90042232,1.147,0.424933164,-2.082,ThAr,Trifonov
0.00081494,La Silla Observatory,2453164.451,"Trifonov et al. (A&A 636, A74 (2020))",BJD,7.243969955,-0.025985312,HARPS,HD92788,NaN,100.0001,90.2,-28.90424155,1.141,0.426067163,-1.362,ThAr,Trifonov
0.000816472,La Silla Observatory,2453164.452,"Trifonov et al. (A&A 636, A74 (2020))",BJD,7.248621855,-0.025673293,HARPS,HD92788,NaN,100.0019,90.7,-28.90803025,1.14,0.425873538,-2.543,ThAr,Trifonov
0.000794054,La Silla Observatory,2453164.454,"Trifonov et al. (A&A 636, A74 (2020))",BJD,7.243901733,-0.026353088,HARPS,HD92788,NaN,100.0021,93.2,-28.91175917,1.125,0.424921611,1.884,ThAr,Trifonov
0.000865173,La Silla Observatory,2453164.456,"Trifonov et al. (A&A 636, A74 (2020))",BJD,7.243145835,-0.023152587,HARPS,HD92788,NaN,100.0024,87,-28.91553668,1.15,0.425938275,-1.553,ThAr,Trifonov
0.000796337,La Silla Observatory,2453164.457,"Trifonov et al. (A&A 636, A74 (2020))",BJD,7.240386845,-0.025392418,HARPS,HD92788,NaN,100.0012,91.9,-28.91934027,1.137,0.425343864,-0.313,ThAr,Trifonov
0.000815278,La Silla Observatory,2453164.459,"Trifonov et al. (A&A 636, A74 (2020))",BJD,7.245103496,-0.024437247,HARPS,HD92788,NaN,99.9992,91,-28.92308322,1.129,0.423869626,-0.016,ThAr,Trifonov
0.000800784,La Silla Observatory,2453164.46,"Trifonov et al. (A&A 636, A74 (2020))",BJD,7.243266887,-0.024507764,HARPS,HD92788,NaN,100.0015,90.8,-28.92686511,1.148,0.425421684,-1.593,ThAr,Trifonov
0.000837601,La Silla Observatory,2453164.462,"Trifonov et al. (A&A 636, A74 (2020))",BJD,7.241583191,-0.026748589,HARPS,HD92788,NaN,100.003,89.1,-28.93063199,1.137,0.42550168,-0.445,ThAr,Trifonov
0.000812813,La Silla Observatory,2453164.463,"Trifonov et al. (A&A 636, A74 (2020))",BJD,7.242024608,-0.028083457,HARPS,HD92788,NaN,100.0027,89.8,-28.93436582,1.152,0.424764555,1.476,ThAr,Trifonov
0.000803798,La Silla Observatory,2453164.465,"Trifonov et al. (A&A 636, A74 (2020))",BJD,7.240645611,-0.02623447,HARPS,HD92788,NaN,100.002,91.5,-28.93811323,1.132,0.424709383,-0.136,ThAr,Trifonov
0.000824689,La Silla Observatory,2453164.466,"Trifonov et al. (A&A 636, A74 (2020))",BJD,7.242822166,-0.024399666,HARPS,HD92788,NaN,100.0022,89.3,-28.94185889,1.147,0.425579344,0.399,ThAr,Trifonov
0.000806503,La Silla Observatory,2453164.468,"Trifonov et al. (A&A 636, A74 (2020))",BJD,7.243093427,-0.023916055,HARPS,HD92788,NaN,100.0018,90.9,-28.9455369,1.14,0.425613564,2.017,ThAr,Trifonov
0.000837655,La Silla Observatory,2453164.469,"Trifonov et al. (A&A 636, A74 (2020))",BJD,7.249383102,-0.024566363,HARPS,HD92788,NaN,100.0021,87.4,-28.94924102,1.164,0.424244742,0.206,ThAr,Trifonov
0.000821223,La Silla Observatory,2453164.471,"Trifonov et al. (A&A 636, A74 (2020))",BJD,7.248010259,-0.026480002,HARPS,HD92788,NaN,100.0022,88.7,-28.95300686,1.16,0.424786639,-0.788,ThAr,Trifonov
0.000876181,La Silla Observatory,2453164.472,"Trifonov et al. (A&A 636, A74 (2020))",BJD,7.249084699,-0.025447579,HARPS,HD92788,NaN,100.0027,85.5,-28.9566512,1.16,0.424707478,-1.209,ThAr,Trifonov
0.00082594,La Silla Observatory,2453164.474,"Trifonov et al. (A&A 636, A74 (2020))",BJD,7.243936146,-0.030721443,HARPS,HD92788,NaN,99.9951,88.4,-28.96035488,1.16,0.424821214,0.044,ThAr,Trifonov
0.000823808,La Silla Observatory,2453164.475,"Trifonov et al. (A&A 636, A74 (2020))",BJD,7.242308197,-0.024138763,HARPS,HD92788,NaN,99.9953,89.4,-28.96400852,1.146,0.424235957,-0.497,ThAr,Trifonov
0.000857815,La Silla Observatory,2453164.477,"Trifonov et al. (A&A 636, A74 (2020))",BJD,7.243037776,-0.024986425,HARPS,HD92788,NaN,100.0022,85.5,-28.96765791,1.176,0.42524899,1.446,ThAr,Trifonov
0.000840947,La Silla Observatory,2453164.478,"Trifonov et al. (A&A 636, A74 (2020))",BJD,7.247380646,-0.027334866,HARPS,HD92788,NaN,100.0017,87.8,-28.97132672,1.157,0.425412001,-1.681,ThAr,Trifonov
0.000831438,La Silla Observatory,2453164.48,"Trifonov et al. (A&A 636, A74 (2020))",BJD,7.244185738,-0.028323864,HARPS,HD92788,NaN,100.0019,87.7,-28.97496663,1.168,0.426370358,0.269,ThAr,Trifonov
0.000803675,La Silla Observatory,2453164.481,"Trifonov et al. (A&A 636, A74 (2020))",BJD,7.243572713,-0.026941314,HARPS,HD92788,NaN,99.9999,90.9,-28.9786276,1.146,0.426927507,1.098,ThAr,Trifonov
0.000817735,La Silla Observatory,2453164.483,"Trifonov et al. (A&A 636, A74 (2020))",BJD,7.247695944,-0.028282684,HARPS,HD92788,NaN,100.0006,90.8,-28.98221906,1.132,0.425216641,-1.232,ThAr,Trifonov
0.000789378,La Silla Observatory,2453164.484,"Trifonov et al. (A&A 636, A74 (2020))",BJD,7.245856581,-0.025833401,HARPS,HD92788,NaN,100.0019,92.9,-28.98586058,1.134,0.426635918,0.459,ThAr,Trifonov
0.000786009,La Silla Observatory,2453164.486,"Trifonov et al. (A&A 636, A74 (2020))",BJD,7.240620391,-0.024474761,HARPS,HD92788,NaN,100.0024,94.2,-28.98942399,1.122,0.42744063,0.736,ThAr,Trifonov
0.000812241,La Silla Observatory,2453164.487,"Trifonov et al. (A&A 636, A74 (2020))",BJD,7.244416799,-0.02688627,HARPS,HD92788,NaN,100.001,89.5,-28.99299485,1.16,0.426953297,-0.301,ThAr,Trifonov
0.000805565,La Silla Observatory,2453164.489,"Trifonov et al. (A&A 636, A74 (2020))",BJD,7.238489804,-0.024737876,HARPS,HD92788,NaN,100.0025,92.5,-28.99656806,1.127,0.427142087,0.222,ThAr,Trifonov
0.000829146,La Silla Observatory,2453164.49,"Trifonov et al. (A&A 636, A74 (2020))",BJD,7.245816852,-0.031198755,HARPS,HD92788,NaN,100.0013,87.4,-29.00013547,1.181,0.427705208,0.459,ThAr,Trifonov
0.00080011,La Silla Observatory,2453164.492,"Trifonov et al. (A&A 636, A74 (2020))",BJD,7.241680298,-0.028517751,HARPS,HD92788,NaN,100.0021,91.3,-29.00370075,1.146,0.424983926,-1.793,ThAr,Trifonov
0.000826074,La Silla Observatory,2453164.493,"Trifonov et al. (A&A 636, A74 (2020))",BJD,7.242754992,-0.024525013,HARPS,HD92788,NaN,99.9999,89.6,-29.00726229,1.146,0.42601867,-0.905,ThAr,Trifonov
0.000813134,La Silla Observatory,2453164.495,"Trifonov et al. (A&A 636, A74 (2020))",BJD,7.24135655,-0.02619316,HARPS,HD92788,NaN,100.0014,90,-29.01075385,1.154,0.426993532,1.006,ThAr,Trifonov
0.000822344,La Silla Observatory,2453164.496,"Trifonov et al. (A&A 636, A74 (2020))",BJD,7.240421248,-0.025779593,HARPS,HD92788,NaN,100.0023,89.7,-29.01422665,1.146,0.423968712,-2.752,ThAr,Trifonov
0.000812793,La Silla Observatory,2453164.498,"Trifonov et al. (A&A 636, A74 (2020))",BJD,7.246452536,-0.025781302,HARPS,HD92788,NaN,100.0023,89.9,-29.01776145,1.153,0.426799423,-1.594,ThAr,Trifonov
0.000251118,La Silla Observatory,2453369.869,"Trifonov et al. (A&A 636, A74 (2020))",BJD,7.240392789,-0.025377829,HARPS,HD92788,NaN,899.9949,300.7,26.85379617,0.696,0.432549791,-2.349,ThAr,Trifonov
0.000251118,La Silla Observatory,2400000.01,"Trifonov et al. (A&A 636, A74 (2020))",BJD,7.240392789,-0.025377829,HARPS,HD92789,NaN,899.9949,300.7,26.85379617,0.696,0.432549791,-2.349,ThAr,Fake
0.000251118,La Silla Observatory,2400010.02,"Trifonov et al. (A&A 636, A74 (2020))",BJD,7.240392789,-0.025377829,HARPS,HD92790,NaN,899.9949,300.7,26.85379617,0.696,0.432549791,-2.349,ThAr,Fake
0.000251118,La Silla Observatory,2400020.03,"Trifonov et al. (A&A 636, A74 (2020))",BJD,7.240392789,-0.025377829,HARPS,HD92791,NaN,899.9949,300.7,26.85379617,0.696,0.432549791,-2.349,ThAr,Fake
0.000251118,La Silla Observatory,2400030.04,"Trifonov et al. (A&A 636, A74 (2020))",BJD,7.240392789,-0.025377829,HARPS,HD92792,NaN,899.9949,300.7,26.85379617,0.696,0.432549791,-2.349,ThAr,Fake
0.000251118,La Silla Observatory,2400040.05,"Trifonov et al. (A&A 636, A74 (2020))",BJD,7.240392789,-0.025377829,HARPS,HD92793,NaN,899.9949,300.7,26.85379617,0.696,0.432549791,-2.349,ThAr,Fake